﻿{"cameraMode":{"drawMode":0,"name":"Shaded","section":"Shading Mode"},"sceneLighting":true,"audioPlay":false,"sceneViewState":{"showFog":true,"showMaterialUpdate":true,"showSkybox":true,"showFlares":true,"showImageEffects":true,"showParticleSystems":true},"in2DMode":false,"pivot":{"x":-0.056185901165008548,"y":-3.349494695663452,"z":3.092916965484619},"rotation":{"x":-0.362016886472702,"y":-0.04195316135883331,"z":0.016314290463924409,"w":-0.931084156036377},"size":7.312341213226318,"orthographic":false}