﻿{"cameraMode":{"drawMode":0,"name":"Shaded","section":"Shading Mode"},"sceneLighting":false,"audioPlay":false,"sceneViewState":{"showFog":true,"showMaterialUpdate":true,"showSkybox":false,"showFlares":true,"showImageEffects":true,"showParticleSystems":true},"in2DMode":false,"pivot":{"x":-0.24899998307228089,"y":0.22599998116493226,"z":-1.656000018119812},"rotation":{"x":-0.362016886472702,"y":-0.04195316135883331,"z":0.016314290463924409,"w":-0.931084156036377},"size":0.8573651909828186,"orthographic":false}